Workbook

Sheet ใบแจ้งหนี้
A1: ใบเสร็จรับเงิน
A2: RECEIPT
B3: วิสาหกิจชุมชนกลุ่มพัฒนาคุณภาพชีวิต ตำบลโคกม่วง
B4: Khok Muang Subdistrict Community Enterprise for Quality of Life Development | M4: รหัสลูกค้า | N4: =IFERROR(INDEX(สรุปใบแจ้งหนี้!C:C,MATCH(ใบแจ้งหนี้!J5,สรุปใบแจ้งหนี้!B:B,0),1),"")
B5: 5 หมู่ 8 ตำบลโคกม่วง อำเภอภาชี จังหวัดพระนครศรีอยุธยา 13140 | I5: เลขที่ / Receipt No. | J5: 20260501 | M5: 1 | N5: =M5&" : "&$J$5
B6: 5 Moo.8 Khokmuang , Phachi District, Phra Nakhon Si Ayutthaya 13140 | I6: วันที่ / Date | J6: =IFERROR(INDEX(สรุปใบแจ้งหนี้!A:A,MATCH(ใบแจ้งหนี้!J5,สรุปใบแจ้งหนี้!B:B,0),1),"") | M6: 2 | N6: =M6&" : "&$J$5
B7: เลขประจำตัวผู้เสียภาษี / Tax ID | E7: 099-2-00447041-2 | I7: เงื่อนไขชำระ(วัน) / | J7: =IF(D11<>"",30,"") | M7: 3 | N7: =M7&" : "&$J$5
I8: Terms | M8: 4 | N8: =M8&" : "&$J$5
I9: วันครบกำหนด / | J9: =IFERROR(J7+J6-1,"") | M9: 5 | N9: =M9&" : "&$J$5
I10: Due Date | M10: 6 | N10: =M10&" : "&$J$5
B11: ลูกค้า / Customer | D11: =IFERROR(INDEX(ข้อมูลลูกค้า!B:B,MATCH($N$4,ข้อมูลลูกค้า!$A:$A,0))&" "&INDEX(ข้อมูลลูกค้า!C:C,MATCH($N$4,ข้อมูลลูกค้า!$A:$A,0)),"") | M11: 7 | N11: =M11&" : "&$J$5
B12: ที่อยู่ / Address | D12: =IFERROR(INDEX(ข้อมูลลูกค้า!D:D,MATCH($N$4,ข้อมูลลูกค้า!$A:$A,0)),"")
B13: ติดต่อ / Contact | D13: =IFERROR(INDEX(ข้อมูลลูกค้า!E:E,MATCH($N$4,ข้อมูลลูกค้า!$A:$A,0)),"")
B14: เลขประจำตัวผู้เสียภาษี / Tax ID | E14: =IFERROR(INDEX(ข้อมูลลูกค้า!F:F,MATCH($N$4,ข้อมูลลูกค้า!$A:$A,0)),"")
B16: ลำดับ | C16: โครงการ | D16: รหัสสินค้า | E16: รายการ | H16: จำนวนหน่วย | I16: ราคาต่อหน่วย | J16: จำนวนเงิน
B17: No. | C17: Project | D17: Part Number | E17: Description | H17: Delivery Quantity | I17: Value | J17: Amount
B18: =IF(D18<>0,1,"") | C18: =IFERROR(INDEX(สรุปใบแจ้งหนี้!D:D,MATCH(ใบแจ้งหนี้!N5,สรุปใบแจ้งหนี้!G:G,0),1),"") | D18: =IFERROR(INDEX(สรุปใบแจ้งหนี้!E:E,MATCH(ใบแจ้งหนี้!N5,สรุปใบแจ้งหนี้!G:G,0),1),"") | E18: =IFERROR(INDEX(ข้อมูลสินค้า!C:C,MATCH(ใบแจ้งหนี้!D18,ข้อมูลสินค้า!B:B,0),1),"") | H18: =IFERROR(INDEX(สรุปใบแจ้งหนี้!F:F,MATCH(ใบแจ้งหนี้!N5,สรุปใบแจ้งหนี้!G:G,0),1),"") | I18: =IFERROR(INDEX(ข้อมูลสินค้า!D:D,MATCH(D18,ข้อมูลสินค้า!B:B,0),1),"") | J18: =IF(ISBLANK(I18),"",(IFERROR(H18*I18,"")))
B19: =IF(D19<>"",B18+1,"") | C19: =IFERROR(INDEX(สรุปใบแจ้งหนี้!D:D,MATCH(ใบแจ้งหนี้!N6,สรุปใบแจ้งหนี้!G:G,0),1),"") | D19: =IFERROR(INDEX(สรุปใบแจ้งหนี้!E:E,MATCH(ใบแจ้งหนี้!N6,สรุปใบแจ้งหนี้!G:G,0),1),"") | E19: =IFERROR(INDEX(ข้อมูลสินค้า!C:C,MATCH(ใบแจ้งหนี้!D19,ข้อมูลสินค้า!B:B,0),1),"") | H19: =IFERROR(INDEX(สรุปใบแจ้งหนี้!F:F,MATCH(ใบแจ้งหนี้!N6,สรุปใบแจ้งหนี้!G:G,0),1),"") | I19: =IFERROR(INDEX(ข้อมูลสินค้า!D:D,MATCH(D19,ข้อมูลสินค้า!B:B,0),1),"") | J19: =IF(ISBLANK(I19),"",(IFERROR(H19*I19,"")))
B20: =IF(D20<>"",B19+1,"") | C20: =IFERROR(INDEX(สรุปใบแจ้งหนี้!D:D,MATCH(ใบแจ้งหนี้!N7,สรุปใบแจ้งหนี้!G:G,0),1),"") | E20: =IFERROR(INDEX(ข้อมูลสินค้า!C:C,MATCH(ใบแจ้งหนี้!D20,ข้อมูลสินค้า!B:B,0),1),"") | I20: =IFERROR(INDEX(ข้อมูลสินค้า!D:D,MATCH(D20,ข้อมูลสินค้า!B:B,0),1),"") | J20: =IF(ISBLANK(I20),"",(IFERROR(H20*I20,"")))
B21: =IF(C21<>"",B20+1,"") | C21: =IFERROR(INDEX(สรุปใบแจ้งหนี้!D:D,MATCH(ใบแจ้งหนี้!N8,สรุปใบแจ้งหนี้!G:G,0),1),"") | D21: =IFERROR(INDEX(สรุปใบแจ้งหนี้!E:E,MATCH(ใบแจ้งหนี้!N8,สรุปใบแจ้งหนี้!G:G,0),1),"") | E21: =IFERROR(INDEX(ข้อมูลสินค้า!C:C,MATCH(ใบแจ้งหนี้!C21,ข้อมูลสินค้า!B:B,0),1),"") | H21: =IFERROR(INDEX(สรุปใบแจ้งหนี้!F:F,MATCH(ใบแจ้งหนี้!N8,สรุปใบแจ้งหนี้!G:G,0),1),"") | I21: =IFERROR(INDEX(ข้อมูลสินค้า!D:D,MATCH(C21,ข้อมูลสินค้า!B:B,0),1),"") | J21: =IF(ISBLANK(I21),"",(IFERROR(H21*I21,"")))
B22: =IF(C22<>"",B21+1,"") | C22: =IFERROR(INDEX(สรุปใบแจ้งหนี้!D:D,MATCH(ใบแจ้งหนี้!N9,สรุปใบแจ้งหนี้!G:G,0),1),"") | D22: =IFERROR(INDEX(สรุปใบแจ้งหนี้!E:E,MATCH(ใบแจ้งหนี้!N9,สรุปใบแจ้งหนี้!G:G,0),1),"") | E22: =IFERROR(INDEX(ข้อมูลสินค้า!C:C,MATCH(ใบแจ้งหนี้!C22,ข้อมูลสินค้า!B:B,0),1),"") | H22: =IFERROR(INDEX(สรุปใบแจ้งหนี้!F:F,MATCH(ใบแจ้งหนี้!N9,สรุปใบแจ้งหนี้!G:G,0),1),"") | I22: =IFERROR(INDEX(ข้อมูลสินค้า!D:D,MATCH(C22,ข้อมูลสินค้า!B:B,0),1),"") | J22: =IF(ISBLANK(I22),"",(IFERROR(H22*I22,"")))
B23: =IF(C23<>"",B22+1,"") | C23: =IFERROR(INDEX(สรุปใบแจ้งหนี้!D:D,MATCH(ใบแจ้งหนี้!N10,สรุปใบแจ้งหนี้!G:G,0),1),"") | D23: =IFERROR(INDEX(สรุปใบแจ้งหนี้!E:E,MATCH(ใบแจ้งหนี้!N10,สรุปใบแจ้งหนี้!G:G,0),1),"") | E23: =IFERROR(INDEX(ข้อมูลสินค้า!C:C,MATCH(ใบแจ้งหนี้!C23,ข้อมูลสินค้า!B:B,0),1),"") | H23: =IFERROR(INDEX(สรุปใบแจ้งหนี้!F:F,MATCH(ใบแจ้งหนี้!N10,สรุปใบแจ้งหนี้!G:G,0),1),"") | I23: =IFERROR(INDEX(ข้อมูลสินค้า!D:D,MATCH(C23,ข้อมูลสินค้า!B:B,0),1),"") | J23: =IF(ISBLANK(I23),"",(IFERROR(H23*I23,"")))
B24: =IF(C24<>"",B23+1,"") | C24: =IFERROR(INDEX(สรุปใบแจ้งหนี้!D:D,MATCH(ใบแจ้งหนี้!N11,สรุปใบแจ้งหนี้!G:G,0),1),"") | D24: =IFERROR(INDEX(สรุปใบแจ้งหนี้!E:E,MATCH(ใบแจ้งหนี้!N11,สรุปใบแจ้งหนี้!G:G,0),1),"") | E24: =IFERROR(INDEX(ข้อมูลสินค้า!C:C,MATCH(ใบแจ้งหนี้!C24,ข้อมูลสินค้า!B:B,0),1),"") | H24: =IFERROR(INDEX(สรุปใบแจ้งหนี้!F:F,MATCH(ใบแจ้งหนี้!N11,สรุปใบแจ้งหนี้!G:G,0),1),"") | I24: =IFERROR(INDEX(ข้อมูลสินค้า!D:D,MATCH(C24,ข้อมูลสินค้า!B:B,0),1),"") | J24: =IF(ISBLANK(I24),"",(IFERROR(H24*I24,"")))
B25: =IF(C25<>"",B24+1,"") | C25: =IFERROR(INDEX(สรุปใบแจ้งหนี้!D:D,MATCH(ใบแจ้งหนี้!#REF!,สรุปใบแจ้งหนี้!G:G,0),1),"") | D25: =IFERROR(INDEX(สรุปใบแจ้งหนี้!E:E,MATCH(ใบแจ้งหนี้!#REF!,สรุปใบแจ้งหนี้!G:G,0),1),"") | E25: =IFERROR(INDEX(ข้อมูลสินค้า!C:C,MATCH(ใบแจ้งหนี้!C25,ข้อมูลสินค้า!B:B,0),1),"") | H25: =IFERROR(INDEX(สรุปใบแจ้งหนี้!F:F,MATCH(ใบแจ้งหนี้!#REF!,สรุปใบแจ้งหนี้!G:G,0),1),"") | I25: =IFERROR(INDEX(ข้อมูลสินค้า!D:D,MATCH(C25,ข้อมูลสินค้า!B:B,0),1),"") | J25: =IF(ISBLANK(I25),"",(IFERROR(H25*I25,"")))
B26: =IF(C26<>"",B25+1,"") | C26: =IFERROR(INDEX(สรุปใบแจ้งหนี้!D:D,MATCH(ใบแจ้งหนี้!N15,สรุปใบแจ้งหนี้!G:G,0),1),"") | D26: =IFERROR(INDEX(สรุปใบแจ้งหนี้!E:E,MATCH(ใบแจ้งหนี้!N15,สรุปใบแจ้งหนี้!G:G,0),1),"") | E26: =IFERROR(INDEX(ข้อมูลสินค้า!C:C,MATCH(ใบแจ้งหนี้!C26,ข้อมูลสินค้า!B:B,0),1),"") | H26: =IFERROR(INDEX(สรุปใบแจ้งหนี้!F:F,MATCH(ใบแจ้งหนี้!N15,สรุปใบแจ้งหนี้!G:G,0),1),"") | I26: =IFERROR(INDEX(ข้อมูลสินค้า!D:D,MATCH(C26,ข้อมูลสินค้า!B:B,0),1),"") | J26: =IF(ISBLANK(I26),"",(IFERROR(H26*I26,"")))
B27: =IF(C27<>"",B26+1,"") | C27: =IFERROR(INDEX(สรุปใบแจ้งหนี้!D:D,MATCH(ใบแจ้งหนี้!N16,สรุปใบแจ้งหนี้!G:G,0),1),"") | D27: =IFERROR(INDEX(สรุปใบแจ้งหนี้!E:E,MATCH(ใบแจ้งหนี้!N16,สรุปใบแจ้งหนี้!G:G,0),1),"") | E27: =IFERROR(INDEX(ข้อมูลสินค้า!C:C,MATCH(ใบแจ้งหนี้!C27,ข้อมูลสินค้า!B:B,0),1),"") | H27: =IFERROR(INDEX(สรุปใบแจ้งหนี้!F:F,MATCH(ใบแจ้งหนี้!N16,สรุปใบแจ้งหนี้!G:G,0),1),"") | I27: =IFERROR(INDEX(ข้อมูลสินค้า!D:D,MATCH(C27,ข้อมูลสินค้า!B:B,0),1),"") | J27: =IF(ISBLANK(I27),"",(IFERROR(H27*I27,"")))
B28: =IF(C28<>"",B27+1,"") | C28: =IFERROR(INDEX(สรุปใบแจ้งหนี้!D:D,MATCH(ใบแจ้งหนี้!Q4,สรุปใบแจ้งหนี้!G:G,0),1),"") | D28: =IFERROR(INDEX(สรุปใบแจ้งหนี้!E:E,MATCH(ใบแจ้งหนี้!Q4,สรุปใบแจ้งหนี้!G:G,0),1),"") | E28: =IFERROR(INDEX(ข้อมูลสินค้า!C:C,MATCH(ใบแจ้งหนี้!C28,ข้อมูลสินค้า!B:B,0),1),"") | H28: =IFERROR(INDEX(สรุปใบแจ้งหนี้!F:F,MATCH(ใบแจ้งหนี้!Q4,สรุปใบแจ้งหนี้!G:G,0),1),"") | I28: =IFERROR(INDEX(ข้อมูลสินค้า!D:D,MATCH(C28,ข้อมูลสินค้า!B:B,0),1),"") | J28: =IF(ISBLANK(I28),"",(IFERROR(H28*I28,"")))
B29: =IF(C29<>"",B28+1,"") | C29: =IFERROR(INDEX(สรุปใบแจ้งหนี้!D:D,MATCH(ใบแจ้งหนี้!N18,สรุปใบแจ้งหนี้!G:G,0),1),"") | D29: =IFERROR(INDEX(สรุปใบแจ้งหนี้!E:E,MATCH(ใบแจ้งหนี้!N18,สรุปใบแจ้งหนี้!G:G,0),1),"") | E29: =IFERROR(INDEX(ข้อมูลสินค้า!C:C,MATCH(ใบแจ้งหนี้!C29,ข้อมูลสินค้า!B:B,0),1),"") | H29: =IFERROR(INDEX(สรุปใบแจ้งหนี้!F:F,MATCH(ใบแจ้งหนี้!N18,สรุปใบแจ้งหนี้!G:G,0),1),"") | I29: =IFERROR(INDEX(ข้อมูลสินค้า!D:D,MATCH(C29,ข้อมูลสินค้า!B:B,0),1),"") | J29: =IF(ISBLANK(I29),"",(IFERROR(H29*I29,"")))
B30: หมายเหตุ : | I30: รวมยอด Grand Total | J30: =SUM(J18:J29)
B31: 1.กรณีชำระเงินโดยเช็คกรุณาสั่งจ่ายเช็คขีดคร่อมในนาม "วิสาหกิจชุมชนกลุ่มพัฒนาคุณภาพชีวิต ตำบลโคกม่วง" เท่านั้น | I31: ภาษีหัก ณ ที่จ่าย 3% | J31: =J30*0.03
B32: 2.สินค้าตามรายการข้างต้นแม้จะได้ส่งมอบให้แก่ผู้ซื้อแล้วก็ยังคงเป็นทรัพย์สินของผู้ขายจนกว่าผู้ซื้อจะได้ชำระเงินเรียบร้อยแล้ว | I32: WHT Amount 3%
I33: ยอดเงินสุทธิ Net Total | J33: =J30-J31
B38: การชำระเงิน / Payment | H38: ผู้จ่ายเงิน Paid by | J38: ผู้รับเงิน Received by
B39: ธนาคาร / Bank : | D39: ธนาคารเพื่อการเกษตรและสหกรณ์การเกษตร | J39: Soonthree M.
D40: Bank for Agriculture and Agricultural Co-operatives
B41: ชื่อบัญชี / Bank Name : | D41: วิสาหกิจชุมชนกลุ่มพัฒนาคุณภาพชีวิต ตำบลโคกม่วง | J41: =TODAY()
D42: Khok Muang Subdistrict Community Enterprise for Quality of Life Development | H42: วันที่ Date | J42: วันที่ Date
B43: เลขที่บัญชี / Bank Account : | D43: 020248885149

Sheet สรุปใบแจ้งหนี้
A1: Order Date | B1: เลขที่ใบส่งสินค้า | C1: รหัสลูกค้า | D1: โครงการ | E1: รหัสสินค้า | F1: จำนวนหน่วย | G1: Tempt
A2: 46143 | B2: 20260501 | C2: APT01 | D2: COT091 | E2: MA020-676_A | F2: 6007 | G2: =COUNTIF($B$2:B2,B2)&" : "&B2
A3: 46143 | B3: 20260501 | C3: APT01 | D3: COT091 | E3: MA020-633_A | F3: 5990 | G3: =COUNTIF($B$2:B3,B3)&" : "&B3
A4: 46143 | B4: 20260501 | C4: APT01 | E4: Transportation fee | F4: 1 | G4: =COUNTIF($B$2:B4,B4)&" : "&B4
G5: =COUNTIF($B$2:B5,B5)&" : "&B5
G6: =COUNTIF($B$2:B6,B6)&" : "&B6
G7: =COUNTIF($B$2:B7,B7)&" : "&B7
G8: =COUNTIF($B$2:B8,B8)&" : "&B8
G9: =COUNTIF($B$2:B9,B9)&" : "&B9
G10: =COUNTIF($B$2:B10,B10)&" : "&B10
G11: =COUNTIF($B$2:B11,B11)&" : "&B11
G12: =COUNTIF($B$2:B12,B12)&" : "&B12
G13: =COUNTIF($B$2:B13,B13)&" : "&B13
G14: =COUNTIF($B$2:B14,B14)&" : "&B14
G15: =COUNTIF($B$2:B15,B15)&" : "&B15
G16: =COUNTIF($B$2:B16,B16)&" : "&B16
... G200: =COUNTIF($B$2:B200,B200)&" : "&B200

Sheet ข้อมูลสินค้า
A1: โครงการ | B1: รหัสสินค้า | C1: ชื่อสินค้า | D1: ราคาต่อหน่วย
A2: COT091 | B2: MA020-676_A | C2: 9 Core Long Wire | D2: 0.922
A3: COT091 | B3: MA020-633_A | C3: 16 Core Short Wire | D3: 0.307
A4: COT092 | B4: MA020-674 | C4: 8 Core Long Wire | D4: 0.768
A5: COT092 | B5: MA020-676 | C5: 9 Core Short Wire | D5: 0.691
A6: COT102 | B6: 5 Core Short Wire | C6: 5 Core Short Wire | D6: 0.154
A7: COT102 | B7: 5 CoreLong Wire | C7: 5 CoreLong Wire | D7: 0.261
A8: COT102 | B8: 8 Core Short Wire | C8: 8 Core Short Wire | D8: 0.2
B9: Transportation fee | D9: 1650

Sheet ข้อมูลลูกค้า
A1: รหัสลูกค้า | B1: ชื่อ | C1: นามสกุล | D1: ที่อยู่ | E1: เบอร์โทร | F1: รหัสผู้เสียภาษี
A2: APT01 | B2: บริษัท แอมฟีนอล ฟีนิกซ์ (ประเทศไทย) จำกัด (สำนักงานใหญ่) | D2: 40/39-40,40/42-43 หมู่ที่ 5 ตำบลอุทัย อำเภออุทัย จังหวัดพระนครศรีอยุธยา 13210 | E2: kaikui.chen@amphenolmcp.com | F2: 0145566000923
